{
    "loss": 0.7741484642028809,
    "accuracy": 0.8883116841316223
}