{
    "loss": 5.218700885772705,
    "accuracy": 0.6389610171318054
}